Score,Study_Hours,Label_Fail,Label_Pass
42.79302509512626,1.5694982075808812,1,0
86.46201368099759,14.146008756161171,0,1
43.27047745170046,8.430549196383453,1,0
54.31649929364177,18.27161789264718,1,0
79.5625750879621,12.891936152303172,0,1
20.7685269792465,9.066738925286524,1,0
73.52578740331315,13.334995740205208,0,1
23.722028356925545,8.12511144305925,1,0
82.78543906707918,9.576353462263834,0,1
80.68290177693538,19.743789727066613,0,1
38.861516754894154,2.7865807624087973,1,0
39.67357850526827,2.7722109900512932,1,0
88.4024558780737,8.946617689521759,0,1
80.67918035953785,15.399076098823013,0,1
59.110473919098695,1.346419070850871,1,0
25.908895549548404,7.807619904462269,1,0
77.63921964291292,13.948551722254656,0,1
98.50712061462407,9.474109686201158,0,1
32.878085070822614,5.537870265867004,1,0
91.9771629163075,5.083867193224378,0,1
92.52613203374491,15.336314607608964,0,1
40.73342853867086,14.99163828624717,1,0
77.12912631977198,14.836110623625332,0,1
23.548575389394138,5.677755729520914,1,0
71.36339141024374,6.338300602252376,0,1
52.47718649353146,9.583585896007353,1,0
76.34344020989634,7.222449691380378,0,1
49.30411224567436,2.1427045094149193,1,0
78.22165662061619,11.529382047800075,0,1
73.61907613301803,9.75479659262179,0,1
96.21670232687546,12.350848941235858,0,1
87.77243706586128,1.8825578416799567,0,1
29.08754669119922,8.521392286026352,1,0
32.391759097956594,6.676910377782457,1,0
81.16054257378349,15.75184625409794,0,1
90.9226080174052,6.649631140078465,0,1
93.0847879957581,4.553831222592944,0,1
81.52979941479045,13.913298371168327,0,1
37.723915609301486,6.133921174774449,1,0
47.97326055544626,3.7811058510827333,1,0
72.60760864262271,11.205024294552407,0,1
71.55045163505824,11.095737999794812,0,1
86.5614154255594,9.286404053571017,0,1
59.84316029646625,17.17707419715682,1,0
70.34060934302258,9.9045521978884,0,1
25.30092856650008,0.6989771297936718,1,0
52.45933167126965,12.99964418175789,1,0
76.71452844467869,11.202514034974858,0,1
88.68671427457001,2.621601834881592,0,1
86.78946050460742,1.1856461009644894,0,1
53.35099798582941,2.815170962858695,1,0
28.97221261909085,7.359673912926002,1,0
34.747141547755994,5.022172229003282,1,0
95.14986114133413,9.905170036104435,0,1
93.92278064820785,13.510584858510084,0,1
37.45460500969204,8.498368884522183,1,0
76.15418921446022,4.623066692609665,0,1
31.437445424543732,6.083808928190883,1,0
96.01216955740311,18.351570498572954,0,1
23.482186706681688,1.4347586722772745,1,0
97.51940726386728,3.5995539874602667,0,1
32.816526293804124,2.5523627338411963,1,0
70.61753482887407,19.428287191077892,0,1
49.094797112677185,10.796324543005754,1,0
71.68909827045512,3.2575404090933664,0,1
33.84322683388264,1.0917720822355956,1,0
93.16734307889972,4.775597949149276,0,1
96.18837507629225,14.912272841781663,0,1
97.9818545006204,17.455213900507758,0,1
47.986318316186164,3.8959042532779313,1,0
43.49677254520825,10.548755452805405,1,0
59.42790188083279,4.438562101480306,1,0
40.723207610495244,6.759438762961244,1,0
99.7350587841093,5.401762326285424,0,1
96.82297611037403,5.369137511930638,0,1
91.40048757653658,18.008929916056786,0,1
41.618385661025044,8.656623396538068,1,0
50.38163570272436,10.104455674964889,1,0
91.95981825434215,12.374511199743695,0,1
98.20690724274873,11.9340093796417,0,1
36.279405390120374,6.3445846631946035,1,0
50.88978195921699,1.1094145494643097,1,0
98.87341884826334,5.7838636206819185,0,1
99.56951362331802,5.599050158718508,0,1
75.8737340436789,2.3178647166281436,0,1
25.950969026376413,5.867708932160653,1,0
81.77480669220054,10.118837859625346,0,1
36.23539576180275,6.736546769649276,1,0
84.77854281978608,7.246280595462656,0,1
98.3419606687423,9.880628713747525,0,1
31.806953809175457,5.32942519570466,1,0
80.46604799628986,18.66105374070869,0,1
44.94206468020293,4.0313489221505785,1,0
85.8895173506802,5.595193527108582,0,1
87.10183510268095,2.8463533816446023,0,1
29.96511364526907,1.232053651776146,1,0
89.65725941917066,11.466290041573647,0,1
44.01867377318113,11.180726004988545,1,0
94.51666600603647,11.548815420389785,0,1
78.79632315094193,7.244626362028403,0,1
96.57933244708562,12.701400575463786,0,1
78.83397278625753,19.020612832280978,0,1
72.73618309146072,10.393985789349047,0,1
88.35558684167138,3.6503833523887947,0,1
79.35133228268234,10.881292402378406,0,1
49.7769316051384,13.670420893375983,1,0
85.97768297654758,1.9846471996261112,0,1
72.83328882267786,13.97712869491078,0,1
82.94978638689038,3.4240257531157114,0,1
73.0233400413228,1.3462146873794447,0,1
71.22325424664292,12.226965920576594,0,1
58.455143810267884,10.254176457559781,1,0
78.51327717396174,7.898563631574067,0,1
33.22741222140829,2.2593578947409454,1,0
39.19153288642067,5.134613417300443,1,0
50.951847523074726,16.52865762928738,1,0
41.6022969276935,18.001516465150026,1,0
96.77676995469933,11.247502596397364,0,1
78.42803529062142,11.31122558000672,0,1
72.65477506155759,4.723674385963759,0,1
98.10189966210203,3.6128979387738718,0,1
46.22615398312007,12.59634188290745,1,0
22.844987373743923,1.6531569245130746,1,0
90.49776290978788,2.4464863303157034,0,1
98.32799467340303,10.010070116491812,0,1
56.25971477432187,14.644338448303394,1,0
27.830513963556587,4.419907488061925,1,0
90.04255409711939,4.894701612900598,0,1
39.1300279659896,7.506329414860566,1,0
72.54513142255576,19.746151991522332,0,1
80.76491452370507,17.66681027544906,0,1
94.08560345794035,1.0880084370874543,0,1
21.171018584879583,3.6752640276125774,1,0
70.93549405183855,5.983016841696677,0,1
72.30859604887627,14.229486741684655,0,1
85.34027196582814,10.528809599056792,0,1
73.53253248670424,11.953813034770818,0,1
98.21375753058743,19.124642963049162,0,1
52.12505875501955,15.531386217156914,1,0
86.94523399787849,2.248464149138695,0,1
83.52518114212396,3.15152287097435,0,1
70.76257380232286,3.049937112872785,0,1
89.35518371228349,4.312962151094837,0,1
51.70708728793504,17.497154329751915,1,0
91.20572031542852,14.851136192778759,0,1
72.79308303417697,18.047099401113208,0,1
98.96896099223679,16.35954961421276,0,1
96.15530583235696,1.5556983776566238,0,1
25.97451147177546,9.436452828595735,1,0
80.8292169082008,2.7400593932060486,0,1
96.24105018052597,11.049805546517028,0,1
81.18065551036942,5.935321891446198,0,1
76.96638085440452,18.0919168922168,0,1
30.244438416253487,6.9621639024793565,1,0
96.90365229718036,10.005271164994575,0,1
21.983561991744317,4.314196000682238,1,0
74.0911442676031,1.2763486476897565,0,1
50.65915573102671,7.162341309192136,1,0
81.51673664119635,11.327504361165783,0,1
80.26245246147722,16.603888788768245,0,1
71.29479735851729,17.931719160263352,0,1
59.98827451541333,1.9160287383505645,1,0
57.361133802149006,16.3125826022348,1,0
22.614207534803988,8.922740044784433,1,0
91.60109609638224,13.18180502482065,0,1
59.73260245917694,19.337255232284864,1,0
89.48898697141644,17.13524479938938,0,1
93.59035043246656,2.698809043932931,0,1
75.9902134647508,10.770454329858621,0,1
43.62876695391254,10.978104289674143,1,0
94.1968344358435,13.51688396750363,0,1
89.58238323555624,5.525472839887804,0,1
79.43067943228979,10.662843132129353,0,1
74.82279688144925,16.541373458262182,0,1
82.95835055926347,6.533353663762797,0,1
88.2869300193969,10.550901441348369,0,1
38.378530672791086,2.896289691646935,1,0
23.000973293879685,3.5844213054555696,1,0
97.73188586129591,19.450106658141987,0,1
87.02622544784674,14.099834413608049,0,1
87.82392146056405,8.236926275989408,0,1
98.62153081776167,12.51731805456672,0,1
75.41726035382001,11.79095938049996,0,1
91.66800795566978,17.25823289401943,0,1
59.54348368442635,8.731251253734541,1,0
23.20143269909146,4.884796006988004,1,0
73.84137516873318,3.8861511767335926,0,1
81.64509778619566,13.22247615040471,0,1
96.83656680682274,16.197249862998987,0,1
80.52745037656236,3.2242733121245113,0,1
92.48955495228773,3.471638562482007,0,1
52.3428997320806,14.428767120823471,1,0
97.22699421778279,5.736552353828624,0,1
96.05403927693739,10.26119276674076,0,1
98.18496824692568,18.001719658125328,0,1
76.86394496474867,2.462618286747067,0,1
26.690225774838645,0.7488687310546156,1,0
28.788099793889046,6.322926033697993,1,0
72.635994974345,7.661911692974434,0,1
76.19263815281809,1.2089207445111292,0,1
93.13811040057837,2.4068483829477167,0,1
22.366723818467747,4.394096452114738,1,0
82.2685883324281,4.29259208134607,0,1
29.163737734757852,5.088204284810875,1,0
42.13186060615981,13.499060787457685,1,0
81.8962834696381,12.819647304329596,0,1
43.622986990693605,13.941239225334673,1,0
88.54654189948783,2.9213308463330145,0,1
81.11416308374146,10.205936718629406,0,1
90.02673215563081,4.274077552830967,0,1
34.914675654624645,2.4235653215697557,1,0
74.6005420934824,12.138366808319148,0,1
91.57137715552736,6.645312596840325,0,1
78.42317087322567,1.462003362197623,0,1
73.36116706504157,8.55925638186909,0,1
96.51357654890276,18.627293380709048,0,1
47.87728811308317,13.37342656378835,1,0
79.79383924731975,10.836521224309518,0,1
77.3920609971732,16.562944035809792,0,1
70.46369849586603,18.63805268916678,0,1
49.733378828494054,17.59504152355155,1,0
94.22320465492187,18.025734698546373,0,1
91.47916686542193,13.519554896292876,0,1
88.88195914405787,14.219225090707726,0,1
91.70260341065755,10.421638966496646,0,1
89.37751723994803,11.844787788709326,0,1
25.46141619945625,5.421748279268747,1,0
90.54193517661638,4.089721847552934,0,1
88.55834134645553,15.301616151595184,0,1
74.6805592132731,3.96389588638785,0,1
51.076044814247524,6.8049619025024475,1,0
56.797226057334406,18.10043934456221,1,0
46.740063528625726,16.748783951769582,1,0
27.35518701754579,4.434232649024807,1,0
93.98247636906937,14.199232946234108,0,1
95.07940361536618,14.223509915780262,0,1
71.74250836504598,17.457346769723767,0,1
80.09812834581761,3.5538788618405106,0,1
79.57940912771244,19.051177373965295,0,1
99.63167169208094,9.127689540981384,0,1
74.22772674924288,16.241742634326755,0,1
79.12726728878613,10.97037220101252,0,1
70.191576151505,6.453724530323343,0,1
79.57301419729767,16.749394008862872,0,1
52.78239875631001,17.49044759588042,1,0
78.06980213305293,16.153622912106577,0,1
92.80683579669059,12.317136071549042,0,1
72.40701236984927,10.96571640183484,0,1
55.12326657790492,7.603858960540659,1,0
78.16435411689888,12.214382670512656,0,1
76.87754185697925,14.72279879946826,0,1
75.08478240058278,11.579223986708653,0,1
82.5631157467622,8.279632036740452,0,1
96.32119215783867,15.074603737329884,0,1
56.06051795665327,11.244064256829835,1,0
72.47143136847528,13.929486739419549,0,1
96.70016025452699,7.4219079801791805,0,1
82.02289182625978,11.63316629485614,0,1
88.0006164435791,6.541588995476761,0,1
53.17415551001752,10.46571861260964,1,0
86.40130838029839,4.512234654985013,0,1
73.93734633047163,1.6179974103337864,0,1
76.73814468819945,9.596350806521174,0,1
80.78473453659265,6.578245041025374,0,1
45.394992230339795,2.084650265696982,1,0
75.34107900609254,19.260336031919646,0,1
82.44458507012996,6.194734366683418,0,1
55.46946251373201,3.486599553648647,1,0
89.00202562950177,5.562766756785669,0,1
54.18121038901833,17.548413351175626,1,0
21.42513455530517,0.6150305147314308,1,0
73.59286395457754,17.920018334058003,0,1
87.50175384298362,8.616176918509158,0,1
90.6365716690244,2.2889041229982663,0,1
95.66381752033021,14.36949932822045,0,1
43.59366217740484,5.513323173553675,1,0
57.34062992244897,11.994832762875475,1,0
37.22739992726872,8.541886217557641,1,0
36.355706597138905,2.5283579799513833,1,0
82.31148769106889,15.355471632317926,0,1
84.74847625350498,9.995963644830749,0,1
78.65891659720768,12.043526207029633,0,1
27.065028170041284,3.3170880222327246,1,0
99.19031664257336,8.468856768668449,0,1
88.95511636509397,9.520464917588075,0,1
95.34625932908364,1.4421667789806913,0,1
83.68209952651108,15.918343266467259,0,1
50.41915954544084,12.848128072052434,1,0
85.35032326346999,11.110156220040997,0,1
81.28778756592747,2.5865136172747065,0,1
87.85233792100765,1.9770904562007567,0,1
78.06032078154838,11.291050078556472,0,1
35.027501720580915,6.741073984537826,1,0
86.12186808813769,18.47725671184245,0,1
72.21389694206196,11.523231403625095,0,1
81.23837843879414,12.891338398570491,0,1
74.18068222218473,16.863674499186683,0,1
36.00141937398319,2.4383385289745387,1,0
48.617750473236114,5.725571179164968,1,0
27.517765702915387,4.247524646415336,1,0
83.6362319430332,12.923603521597204,0,1
70.66370654586991,7.148594163841284,0,1
88.86828540339653,17.671968257014004,0,1
35.386097872826795,0.6047970120721485,1,0
74.28975046158507,15.468702002631973,0,1
92.12503744329246,9.592140876906337,0,1
44.33479600181551,2.818576554883073,1,0
36.79604571271234,4.146413043363918,1,0
79.71037709212732,9.083292333711919,0,1
77.96800127766119,3.4607835043732793,0,1
85.9785179936507,5.606939569059864,0,1
96.20735872320331,18.49657561010445,0,1
70.36463424069449,19.42769770744514,0,1
91.36537664042608,5.507732662439201,0,1
39.966950227858995,9.364576647763798,1,0
20.242415492877864,2.7914138471956442,1,0
75.20120785884265,18.03854306790208,0,1
71.95154778955839,19.02882520781333,0,1
25.396414402564286,8.33796939671059,1,0
78.76433945605655,7.960875022580142,0,1
73.58782737814906,14.551650957236905,0,1
90.52699079536471,9.362897381052425,0,1
98.83571691471742,18.201662197165213,0,1
99.08411299826106,17.444635391985624,0,1
31.599675748562625,5.834103585615475,1,0
93.09980659295832,5.10059952244002,0,1
83.6697025835714,12.782519358229198,0,1
91.0590063177311,16.12006071928592,0,1
44.75088261748655,8.091784040957462,1,0
54.85413042399962,9.084373354513431,1,0
94.18603839379185,15.216934117289508,0,1
99.89910511221716,11.553202406449921,0,1
87.30711653879078,10.357836182558414,0,1
80.23199053150776,3.155996903571192,0,1
45.48321333119612,2.5089680107907455,1,0
94.67801681978975,7.843622186813995,0,1
58.38783946428835,10.442306175210774,1,0
89.26094938462863,2.598659334905928,0,1
78.59623756384853,12.225831950811205,0,1
88.03345035229626,14.453378978124864,0,1
80.02731672450882,15.647331871170616,0,1
92.83071972828996,12.898186110996892,0,1
41.38847685492187,10.862136027257137,1,0
99.93802331600013,7.663524493582493,0,1
43.395158101750816,10.875705022564336,1,0
89.955916620886,10.938243070613268,0,1
86.2190536483032,13.111168128465925,0,1
87.50968335552616,2.476958102334712,0,1
93.39536185453431,3.0326321377122096,0,1
55.64056175340772,14.466149257116552,1,0
46.491716598005404,7.96276916255656,1,0
79.28582848858983,16.462105374432024,0,1
90.81046677344466,5.194622642986447,0,1
57.57031122602696,8.678666111369626,1,0
71.64284916466094,7.368747591272117,0,1
83.17404725710655,8.161944159073244,0,1
89.7283867690103,11.797863463373961,0,1
82.72392013907158,14.992440476869733,0,1
92.65411767020856,12.78588147571583,0,1
97.74080854835688,17.66944771423864,0,1
80.6386647292233,6.457540841427553,0,1
94.91858223363187,19.33551130266374,0,1
93.94885536900325,13.349314684777537,0,1
75.76867056426012,1.7765037090630984,0,1
31.101698986045726,7.464177312281911,1,0
95.53620742146306,10.407784013265513,0,1
57.08770186739159,10.353279272512662,1,0
23.04049706257296,1.0828214575513475,1,0
21.772008593592346,2.5958135507565068,1,0
51.60344738454665,11.13844838781069,1,0
79.92694074557947,2.207608655434449,0,1
30.188442562995796,9.968620111603279,1,0
71.83233879564591,6.26067531479687,0,1
75.12662762170197,13.70422117856419,0,1
20.483835277827104,8.401121914919848,1,0
79.02890700840449,14.455269684260351,0,1
32.733393643344144,6.332369055220587,1,0
27.107691373714786,7.946021952611273,1,0
85.56371865230098,14.35736021900838,0,1
51.73216926350948,4.192269947152405,1,0
96.29960807975036,8.666174458035544,0,1
99.58003191468613,15.31418551991989,0,1
76.92009435153275,4.3540326081046565,0,1
72.48396003775379,12.459890079861376,0,1
94.11016230697344,4.544831118834681,0,1
74.3468461627367,10.299602445273697,0,1
97.12476083481245,7.6168538734427065,0,1
48.27098203050703,3.3158357734020036,1,0
71.92626811225402,12.057456636373576,0,1
73.40672776598888,13.759890716263193,0,1
54.48677634257482,11.989351423121773,1,0
90.91047222985804,14.347197595755077,0,1
98.88976011576983,7.495571154735035,0,1
73.51924566887183,3.3785300518484584,0,1
35.69793954222935,7.2229688800386995,1,0
57.362845087550106,4.3658459995003325,1,0
84.22521487261976,2.858849052369028,0,1
70.16566351370807,16.49376714064185,0,1
84.41759731979944,12.255747908530834,0,1
97.6254354344706,12.716355975894023,0,1
85.56753115848512,1.8923533687260459,0,1
98.51234452229676,17.91501189392741,0,1
31.213201888323418,6.233132832666321,1,0
98.90859931267758,17.20717965387984,0,1
71.10049608671794,5.796301942536394,0,1
88.95440581050005,5.936268040219036,0,1
71.17936419523296,16.18879757927181,0,1
70.94287557060203,13.091797814011828,0,1
78.57136258845583,17.503383435599744,0,1
41.75285493527677,18.802198637590195,1,0
93.8555858430611,6.14581277397941,0,1
39.599406587177015,6.21787510154506,1,0
40.47277172092673,13.197458508422054,1,0
96.6163822772898,9.972083578077036,0,1
40.51623813898974,3.5681594939416326,1,0
73.59596102001048,7.414688256668931,0,1
72.6096027973423,8.760611048343275,0,1
49.046365690366,13.227976208733974,1,0
80.39037983097884,7.5921108360283265,0,1
78.8892436136797,5.438547269948289,0,1
76.04881960143234,4.109462914448386,0,1
84.39626860911727,12.922603801149032,0,1
93.91886097338661,3.848431119626702,0,1
81.66031869068446,6.155631603704022,0,1
21.163275910109515,9.951230013112788,1,0
81.6760503620249,1.2059153781256688,0,1
93.84433910624945,10.55010476899865,0,1
56.15691883882517,15.483417560755699,1,0
84.95103318218439,8.959583540586411,0,1
77.55397176720858,7.56822387657447,0,1
44.56909482662597,19.930344405078095,1,0
94.54044297767479,17.353881081870526,0,1
47.93963034148567,9.496848269591878,1,0
81.77335322267906,16.515389349959964,0,1
33.777706041001814,8.796567700677674,1,0
49.717435183726515,5.878754786689651,1,0
78.83346676208757,8.316856843436579,0,1
42.65049345483697,17.37827516317983,1,0
44.56159543897865,5.028851958256306,1,0
87.2886508050044,12.527585881274263,0,1
96.1029662170279,1.4041188061573555,0,1
70.76052230246373,19.290319878880577,0,1
52.06897186762756,13.69604317254531,1,0
35.88394662554168,1.3834110783197555,1,0
57.37809968957436,11.841585186137763,1,0
92.05213131411656,16.266137677312123,0,1
43.837346494374856,7.144059680194895,1,0
78.69254358741304,4.0632044578260835,0,1
75.44306305269392,12.077789658424152,0,1
43.47049029973017,14.204070689146773,1,0
94.97327922401266,5.034443102887247,0,1
70.39283369765,13.607210068317501,0,1
32.39178674919681,3.8771835991928953,1,0
70.8128797751045,5.2174710767260395,0,1
84.76348879238614,5.906643377680209,0,1
70.43180465889267,3.2053801696314084,0,1
91.8456626861081,10.41433500791777,0,1
52.38980692019229,9.806386832210874,1,0
88.97865679401845,18.708534004690332,0,1
96.61259272795351,15.817635371294854,0,1
86.18473877126011,16.023740131940308,0,1
40.83145718100784,3.8185208182796884,1,0
74.69311128013258,5.754615065127311,0,1
93.12901539863682,10.382116330923424,0,1
56.35668432350043,3.2839720520415603,1,0
73.72891670456634,14.88648202886924,0,1
77.76339944800051,13.587923402725657,0,1
45.15365777022427,9.78983617804701,1,0
44.67424163820866,11.2602263774857,1,0
75.59701072153918,6.416808205183095,0,1
75.19605609730046,9.243181335521488,0,1
44.53312804453976,7.744929810806809,1,0
92.51844254922575,16.329860046078018,0,1
76.23658765438083,1.5041118736025747,0,1
95.87091126240236,19.0408918494952,0,1
59.39642090157089,9.622001286289146,1,0
41.20534780579122,18.75428450930477,1,0
72.13565945380687,7.060536975581464,0,1
71.35681866731615,7.181276284502022,0,1
97.44593170661346,8.033015304853443,0,1
59.51730511638263,7.40102004365103,1,0
51.88952670372346,10.438570318324219,1,0
59.49586324293566,13.356188040591801,1,0
71.09649003544284,9.969271957089985,0,1
91.77867036610718,18.045094939098966,0,1
77.16331437304908,3.0990081494964983,0,1
70.91500749817148,1.709615586235074,0,1
89.55883778507801,5.261116879750636,0,1
76.3931411207525,1.5915475748057157,0,1
47.603912375717144,8.57763283704111,1,0
46.91869985093926,8.049736496707451,1,0
39.161469602387605,3.9954371373698025,1,0
96.09689086186384,10.85792308539537,0,1
55.95627297717269,9.276082981445727,1,0
87.73826307234788,8.581051373532475,0,1
94.38398701772508,18.997722970293314,0,1
41.78248864232033,15.35013798943935,1,0
48.5639922985123,14.63435754750535,1,0
88.54467202954358,14.346834440337975,0,1
28.99569297642645,2.348913862297268,1,0
84.14728565650475,8.824977368798102,0,1
74.10656890206423,18.100354195113997,0,1
82.756405134077,1.4269168580822305,0,1
41.71316499192861,17.989626618618246,1,0
75.53563058069132,4.977637143397496,0,1
70.6021359333318,7.119504146080388,0,1
76.70787515558358,19.301228249371615,0,1
97.445377032043,7.88548408321603,0,1
48.90610510005331,10.781529724664114,1,0
97.46464892764126,1.644973593130178,0,1
32.72582707958496,7.730654601910001,1,0
81.03349398157759,13.01381078127801,0,1
71.35656010318569,1.500972515447788,0,1
74.1648151794823,13.176620151261078,0,1
74.63088145822607,10.141661935241531,0,1
53.29823448974436,16.113549255004855,1,0
29.188935368119733,7.957657166452041,1,0
30.540829278233034,4.547792146958529,1,0
96.21031342559016,19.697585914786607,0,1
45.697458039238455,6.838509333599445,1,0
75.85728963394133,14.7265901899686,0,1
53.2760905524361,10.017986639246464,1,0
94.38703027390233,19.99463579243648,0,1
47.03245374479269,2.926995740535114,1,0
85.15757117343571,16.70269185604709,0,1
70.15184751538656,4.0553529769324745,0,1
26.06550295135191,1.4599352046011436,1,0
74.17816217990162,16.086478596135624,0,1
74.90871463575007,16.101381426248658,0,1
77.95607103045177,5.635803224202588,0,1
79.62340194915208,4.54385169759723,0,1
80.00497515073432,8.565205178227924,0,1
21.961651615684893,5.1382908017068925,1,0
87.4176505083413,13.013021470471077,0,1
26.125072415732234,6.427010444770565,1,0
51.34032521973336,15.030534975775204,1,0
96.05869503866832,15.755340203043094,0,1
99.51932943879484,8.777346119985818,0,1
91.78274001167985,19.541189509788158,0,1
59.88278722442335,13.574944607138194,1,0
82.64273651777494,17.960762510462523,0,1
31.964505881274775,7.488799585272304,1,0
88.1928717897877,1.1747439807159634,0,1
94.0176009732725,4.8028546406513914,0,1
99.07907606857297,10.938859039232828,0,1
46.32312209953501,10.637461365079456,1,0
33.529358744527244,8.147395496967313,1,0
53.902891080951875,8.68205659398155,1,0
87.70884827544424,6.093209175634649,0,1
25.185935177315475,4.581739721019884,1,0
79.13841307520111,2.8557701661212933,0,1
71.38007926065258,1.7738472440604327,0,1
53.452042364502525,9.431254166786852,1,0
59.028066844133136,12.430624582780293,1,0
73.0534741786121,3.9043236445023086,0,1
43.9908490185829,13.924336606194535,1,0
85.17666036653398,12.617630473258309,0,1
44.116824200735365,3.1264727685568294,1,0
41.03942567302945,11.28463037072034,1,0
98.24394426329576,8.335950118214711,0,1
32.30025936077733,7.859020916058986,1,0
99.84723467939305,4.304009735170259,0,1
76.61458627210526,4.542326980740835,0,1
33.762694121730846,4.657229678526223,1,0
98.86517645423626,8.122541010950378,0,1
56.3837771885358,17.799922803619747,1,0
87.23419339539736,16.994746758407167,0,1
73.21516034019328,9.500834969645638,0,1
94.5121621284784,5.9001537138538565,0,1
98.03101044307044,18.58580174522875,0,1
90.88061854161377,3.924022220457246,0,1
94.28083466435541,16.392154498904432,0,1
47.595715603584594,17.40333934186468,1,0
49.043980565668704,18.743625333030195,1,0
85.68198488145983,9.123279348812442,0,1
59.398240922145405,2.7841135999989493,1,0
83.77407268714784,19.620618930424065,0,1
44.54539254526303,2.390722551600429,1,0
57.60158175122916,13.366670011896689,1,0
77.73824883145467,13.539696874649401,0,1
26.56385507218623,4.623183978651815,1,0
78.7944319078304,18.030380551901274,0,1
71.99488802100332,15.081292336511122,0,1
96.81677749152873,15.983347013266084,0,1
99.53206542110657,10.98811346375103,0,1
41.93352899293439,9.557047788905518,1,0
92.83083707506084,11.284064994846096,0,1
38.561672806520995,2.6338483125165935,1,0
28.32307996359523,5.072769440535574,1,0
99.09743193443809,17.000259539578465,0,1
85.36279174897842,5.303419728760821,0,1
94.96402533873226,10.641886941455887,0,1
98.15021370463114,4.443428257147543,0,1
85.22831136053365,5.605784915886525,0,1
52.141880721775614,11.38725084156733,1,0
78.46103717713919,4.371351331814734,0,1
26.538632326761583,1.9144364781582244,1,0
46.15859883182382,14.388934491996288,1,0
97.24797657899961,5.551675922672476,0,1
22.63457546909124,7.396809144860307,1,0
76.54761663595193,19.049262495054283,0,1
73.44510474217611,12.60178080639102,0,1
77.78270300293877,8.214155755178071,0,1
74.20252045709572,10.848263394910997,0,1
70.79533931624866,12.129736044195802,0,1
77.49004026577558,10.29907430921967,0,1
53.13473329082584,7.178611220269203,1,0
40.09879961868819,19.08442392304154,1,0
92.3813463779627,12.084006536846033,0,1
99.54523596887003,16.939063642472746,0,1
78.20879998844998,19.945365502996513,0,1
21.155611219927334,7.102834674156255,1,0
98.17203095538689,16.17688147969964,0,1
45.26225139821686,7.842591741958863,1,0
89.05280952602931,1.8607761856688458,0,1
52.15810185586889,15.532781969300437,1,0
70.76159066981035,3.966899349957617,0,1
88.17324458070661,5.507309042983895,0,1
54.66226044830562,3.4997860174179363,1,0
93.26582850085032,9.612487860212525,0,1
97.88127967382758,11.578494967264666,0,1
75.06805189216493,6.293216441607214,0,1
47.612465869531604,17.68151208845632,1,0
70.20856391593573,10.704198748973749,0,1
74.98850106268239,15.022638712101038,0,1
77.36047329043963,8.396616666797554,0,1
84.41520841773487,2.9936733899453225,0,1
87.80777360662145,13.902944063745302,0,1
20.863474715940235,2.0657407494296525,1,0
52.94949428309206,18.062580430049753,1,0
85.6049050333598,17.19144850605226,0,1
76.19001155217377,7.9211273599134335,0,1
93.67513715822015,10.470401779652088,0,1
70.55172029642401,18.371677324649482,0,1
95.86382851796353,16.380805419772685,0,1
32.49327137708528,4.128426576702511,1,0
91.25088930145104,16.90325323890977,0,1
72.23651931039312,19.75085179540983,0,1
59.84967004316751,18.61301839056161,1,0
85.7317080798274,9.374492191826334,0,1
79.54010424915592,3.090986566025858,0,1
51.34624439257807,5.874692890325911,1,0
42.5678857890825,2.9780833382991605,1,0
98.49399739875773,14.78867065937884,0,1
95.5341001455057,7.021518097969276,0,1
34.5587861394753,5.216380947375348,1,0
20.839024468632726,9.700643387146647,1,0
48.77230838379181,14.779895547887593,1,0
33.187078444115656,9.003618536712096,1,0
39.13229242166916,1.155101155386001,1,0
20.383845536461134,2.968225483077825,1,0
47.771162025406916,9.525178829828082,1,0
81.22812387268361,8.042200794270927,0,1
77.37873185153525,4.052946091931558,0,1
31.76404533896781,5.069242453918176,1,0
20.833458012047686,1.3055241524351306,1,0
90.72813214307398,8.347971579710212,0,1
36.550757911337485,7.46933661533332,1,0
78.07729692848143,8.16839909898783,0,1
54.18092523444865,3.030661538800133,1,0
85.41968467479433,15.889407242081719,0,1
89.00434659478442,5.899866023230843,0,1
89.31998629717047,8.765949250863832,0,1
89.36416887721504,4.36510290873393,0,1
70.54330551462522,17.57035426993888,0,1
42.32732795770952,16.53154446133264,1,0
70.34861619724302,2.3764908680966186,0,1
97.19416332893641,12.86052192236585,0,1
90.84945658379627,17.342325546594886,0,1
78.54521483132403,1.700851999736123,0,1
76.83805487625825,9.11504798389887,0,1
25.7181357847832,8.251495920201865,1,0
81.9551420319212,12.701151862992113,0,1
81.76732135299197,9.312023518450852,0,1
85.6092310271138,15.674049442977147,0,1
39.926686752544946,3.998940539815059,1,0
93.12765533932156,17.050881334220865,0,1
72.70869310163225,16.87074741619552,0,1
46.54066323126477,13.68427432570811,1,0
81.92783193888383,6.210088844624731,0,1
30.706202629051834,2.5444177841637563,1,0
28.737014052303593,7.430328172197769,1,0
72.56049004235932,19.940610785072998,0,1
91.12239304297671,5.046319068669304,0,1
32.851303990703826,4.501856506293684,1,0
98.32178019059839,1.749109416001612,0,1
82.52742327354785,17.70324784368113,0,1
50.52805321872226,14.900200913351306,1,0
88.23210384636577,10.741081709313663,0,1
75.55398786515859,11.296118000188805,0,1
82.97004403127806,18.928702483184377,0,1
35.219815200561875,0.8354578719322712,1,0
93.3875342070026,7.652379924167872,0,1
87.7881980452511,12.021637948918412,0,1
22.561914927324,3.713541306947735,1,0
84.65929571213996,15.63774093834807,0,1
93.99748256119568,4.392348579032339,0,1
73.739880436098,18.495995769730072,0,1
72.1828901909258,16.615341126516768,0,1
90.94485142059236,11.185830960538288,0,1
54.32301348446387,6.179856013937141,1,0
96.7613966553134,12.991633893947995,0,1
42.5542696727047,16.69528497479804,1,0
98.51821440812668,11.895319874342436,0,1
75.44793150404277,18.26056066533894,0,1
71.73528029690189,19.412949972675417,0,1
91.21715902940196,3.8982418153709655,0,1
92.90817382479283,3.6621503395625985,0,1
54.281738642648556,16.232833578326044,1,0
75.3103145283024,2.6853481413840568,0,1
36.83997105780123,7.420661433035326,1,0
32.20450298955282,1.7858637816380125,1,0
58.54355638958906,5.458199555253618,1,0
59.755710404297744,3.5923552985779295,1,0
44.03706904245897,13.795216233173429,1,0
87.34840422988522,1.6829032021380996,0,1
70.59131613263092,2.978063057706903,0,1
71.11022904146478,12.329127691159007,0,1
74.75815315879221,17.73654442477964,0,1
73.54494482864969,14.238006141918863,0,1
56.45228637027357,9.051026819326493,1,0
81.23620356542088,19.063571821788408,0,1
82.84552444951943,19.36644156182972,0,1
41.632599640611794,2.146689595820712,1,0
73.09371606507798,18.148505226911766,0,1
50.799142605611195,16.998632593152003,1,0
92.82355145850693,11.664266753820428,0,1
40.512841316128714,7.483708724896971,1,0
83.91095214819947,7.713692332495004,0,1
78.660812103121,7.757781612834034,0,1
34.65603089532501,5.651253452172559,1,0
76.85928416510389,13.762313003711277,0,1
53.85251904452329,16.924190503314094,1,0
22.43002752601836,2.3759696536694044,1,0
40.63172289651284,18.788032678630106,1,0
99.04580283744166,4.524984798359302,0,1
88.54384721373688,7.805091642623969,0,1
57.435671331844034,5.165065759802842,1,0
85.09408775740263,17.273306982578124,0,1
74.02045685351922,1.5468708499534405,0,1
71.54436253749968,6.294282820495617,0,1
32.31970900520358,2.286234978846453,1,0
82.31190480968985,19.66519372126352,0,1
23.689525062672786,3.9412366956967397,1,0
95.89310277626781,12.8426644097236,0,1
98.28195322405377,13.343286330855001,0,1
59.38824644670575,5.9045352213214235,1,0
59.752991274721154,1.7620746368371671,1,0
74.22571061139399,4.351352743618243,0,1
94.43405447766807,6.3552407206945984,0,1
72.52320418344992,14.318413497723279,0,1
83.16914262116909,2.4906712455030533,0,1
39.517475098201075,8.1146025628884,1,0
59.2585375047516,10.187367287678569,1,0
25.09341244092102,8.488280004546265,1,0
47.06842758605436,5.500540620515159,1,0
93.3144074778231,11.609680744980295,0,1
40.60774119393674,18.688025214632578,1,0
58.892284389480466,13.98171253750327,1,0
88.72446723547402,8.778821391633567,0,1
74.19317129878868,16.110078925337916,0,1
70.39005770532208,2.6246620862348937,0,1
83.86017410932398,18.99838345262449,0,1
88.83124159214253,7.363206678484636,0,1
90.3404845767719,11.74890731592003,0,1
93.74737131177545,16.002744713096526,0,1
81.90769828604789,3.521599326818147,0,1
74.65720737792138,4.456634479410152,0,1
51.2459363175582,19.194880405602223,1,0
92.42828140528754,10.551687411757104,0,1
71.69126489952781,17.42972514884601,0,1
75.26113835870349,18.373826972574236,0,1
44.170210287146716,18.68130907823441,1,0
43.340838158019,4.184765109478036,1,0
39.3164432230644,4.608729844136254,1,0
70.996093263741,2.4929914459453943,0,1
77.45467419443398,15.134979558880863,0,1
26.112084309804295,8.828182237367905,1,0
35.77229929344813,5.414056036195289,1,0
71.90124911418303,19.80924441540896,0,1
34.52923430226009,9.922194537818953,1,0
71.26279568909085,1.3396047599348624,0,1
74.2748662870454,10.478874915575766,0,1
78.32143548943398,4.574302034751465,0,1
37.84169377880469,9.575679521787318,1,0
57.415069006745185,15.865324197107196,1,0
76.63628325458807,19.765692151936292,0,1
74.84886142283841,18.072529582014507,0,1
41.352251271844295,16.206773648624868,1,0
89.80592130153194,6.318744041972914,0,1
95.48942172032234,5.699613933120755,0,1
41.443968179583514,1.5823975419103151,1,0
28.80397995910981,1.9007990037096976,1,0
79.76199094477803,15.183336697242458,0,1
95.51745187282725,17.478589818236244,0,1
51.1556683474005,14.882359694545675,1,0
88.22634555704315,4.239958350058539,0,1
76.98878424260901,1.4636148495742223,0,1
75.02447746777209,2.986788966353605,0,1
88.40234167632123,4.173644975749429,0,1
54.73747489888364,17.393144473321343,1,0
43.91555971367092,1.1436946245847004,1,0
74.92797393792979,16.476919684396258,0,1
99.61828387944834,3.8579209309670355,0,1
46.66003826116396,13.720252148765612,1,0
32.72354729416465,7.963690371762204,1,0
44.94462148806354,17.544248124177717,1,0
82.59181950778367,13.131993005617625,0,1
71.96069022396827,6.9905164187815965,0,1
98.08464322482342,14.224566136824487,0,1
35.3102579798222,2.009627592858859,1,0
89.91013496087945,18.799765047170403,0,1
80.75397185632818,3.2015121309774646,0,1
93.89611872928529,10.148924678738451,0,1
80.51762676419791,12.208436050238028,0,1
81.29390100634149,16.400513284854824,0,1
73.82465986995948,8.548458520646978,0,1
40.86825065709638,13.029876136286425,1,0
73.31895210865622,17.082593542955845,0,1
55.80060872614123,6.788903642862775,1,0
94.52330685215323,7.494529682259643,0,1
75.15037857544911,6.17383920386801,0,1
26.23632266170519,5.3083476969823185,1,0
90.17555368231115,15.29511605931592,0,1
73.04414628598096,13.60653361305306,0,1
85.831033272589,19.866331126266708,0,1
72.74460512193265,17.671756389977226,0,1
72.43138647722944,5.183480837046416,0,1
84.91745517677157,6.716687886518623,0,1
80.3764917085887,12.797394837582065,0,1
86.99213920890692,10.044957641782894,0,1
86.63062157534202,12.622694178452692,0,1
75.45640253197435,7.567678383153401,0,1
88.0155058130096,13.635696816378854,0,1
91.16725517547066,18.579718030897652,0,1
75.45474901621301,4.484685687215243,0,1
88.50780755127226,19.642537382521045,0,1
93.06962245541531,18.950548867766134,0,1
90.76829693553557,17.134717379741065,0,1
52.21961977701984,8.80954092632739,1,0
88.83701168472723,2.5534216070285662,0,1
40.78687081337019,3.320088366190509,1,0
76.29716779286757,18.06303149937356,0,1
35.52894892999449,6.733537457970179,1,0
88.60218267785541,11.135760747550108,0,1
92.74789587787068,1.4671514127172287,0,1
44.63894192231951,8.427213922204778,1,0
81.19927948839259,6.144148789727522,0,1
29.22954929249468,6.553414029678664,1,0
56.119850995503164,11.454304300968973,1,0
82.7266602774093,18.220733316799983,0,1
81.88726056707976,15.406531038377734,0,1
97.01254171489991,13.028927688192091,0,1
91.88818535014192,13.11359195574905,0,1
97.32781553481527,16.628207615540212,0,1
32.84651051810455,1.1161091475881992,1,0
34.326467761253646,1.1848011919873969,1,0
94.90659593700974,8.546487062750643,0,1
99.08753883293676,15.727523643861176,0,1
53.84872302648739,19.83386388034158,1,0
89.0021126953127,17.557751213566636,0,1
45.536555944701036,12.254656243273882,1,0
74.55024639198254,6.922719288115417,0,1
55.61051030487724,6.221314675414586,1,0
90.49886129819515,9.472151421158218,0,1
90.56695861686914,9.175812003089792,0,1
49.94349528016855,12.739097563823062,1,0
90.16406642217636,15.470772691245633,0,1
71.72676280049933,11.441048764150976,0,1
47.92345383218511,14.213876927107382,1,0
73.50694122125093,18.856810348656026,0,1
33.91236292993614,0.5305735042406474,1,0
83.24591504120131,17.866379472407697,0,1
98.28729111737557,7.14085570839435,0,1
71.00597304207338,11.827904012555013,0,1
85.48901044903586,7.1361729858836735,0,1
93.04820241593555,8.937568861179342,0,1
86.55720516323457,11.65782145917234,0,1
90.818453334013,11.311764423604327,0,1
94.86212527455788,7.778313207178196,0,1
96.66244239606931,19.157378466365316,0,1
52.011886667212345,10.797909126233458,1,0
87.529429357693,18.12200219932879,0,1
56.883408979383944,16.307732906051008,1,0
98.5259068675123,3.870099943837104,0,1
89.0929074863091,14.423038803251123,0,1
94.74042897775448,7.608374950141668,0,1
72.27589984325992,3.4487147163023355,0,1
87.14838068409699,6.3196027795453995,0,1
89.02017109298833,11.259722214601254,0,1
90.32693085526847,1.315168749629267,0,1
58.01403728022517,9.012697610595653,1,0
93.3955296668005,1.7527576816187858,0,1
95.85356863040552,18.97619378053902,0,1
22.19472397355007,5.705615145250083,1,0
83.96794054397381,11.310248059443955,0,1
80.17089373146102,7.634981917640557,0,1
22.669599448318877,1.2657143806926843,1,0
82.52233009446337,5.220048398943875,0,1
97.8909295702772,16.35428721172392,0,1
72.81024303484277,7.986600258129237,0,1
71.03165563345655,18.27708763949686,0,1
95.86127952967941,17.046438572166338,0,1
76.9002651186311,3.2907708297682974,0,1
30.11705385903658,8.486678766106401,1,0
52.81944154690664,16.627130709052857,1,0
90.92414385007851,13.922674663445708,0,1
24.113745243911104,1.653170972514361,1,0
80.22410620759054,18.68438918646773,0,1
90.65207189283208,9.261719433471178,0,1
89.63533642843406,6.191931012965977,0,1
93.0156486679338,8.636687358575601,0,1
89.76080894856835,4.095754114547164,0,1
37.73849800418539,6.6352027202244575,1,0
74.4598818325934,8.877858350813451,0,1
58.24726691233382,5.002581591107665,1,0
79.32946965146986,7.178483118508193,0,1
87.93699936433255,18.51561046543922,0,1
79.67061534924169,16.387614471238063,0,1
27.443340476750265,4.604730387969862,1,0
78.01084810508264,17.693969740748003,0,1
43.64235831377398,16.004271635707106,1,0
73.07529183972038,18.80734125749257,0,1
74.41220442787113,18.605164878068393,0,1
71.37226101437538,17.55919931689515,0,1
87.60523354062637,15.16335000950227,0,1
84.89098741603709,12.340014129420895,0,1
21.3330408112138,5.424876208479438,1,0
50.62339056002064,18.795508153604267,1,0
76.01574180101011,10.340296388087301,0,1
72.11706242201289,13.205966285919997,0,1
86.47679994118361,14.577322531301185,0,1
85.06585030993728,12.312315329080832,0,1
72.98324178278035,5.620271628989627,0,1
21.643433349528546,9.694670331027789,1,0
92.87376057222072,17.65854709847324,0,1
28.790233772658205,1.503814500486567,1,0
35.6152317213688,4.868104025808542,1,0
83.88039357008819,6.7261796091187,0,1
35.97428383309149,3.281809348659165,1,0
85.1025181256457,14.117501743957941,0,1
39.69339479049016,9.40518663172263,1,0
44.31350304795434,13.518823934420487,1,0
99.2046690753219,19.40867925042814,0,1
88.45021680097508,19.811023151981,0,1
94.77450251694287,3.448527481995459,0,1
89.00589132282684,11.17971899742041,0,1
73.66114704534337,10.408361292114133,0,1
83.87604148399444,15.201947824541374,0,1
82.5880018728337,5.706888800521992,0,1
88.54764314590888,8.009359151825675,0,1
81.26748857919831,2.785656856976511,0,1
23.003380016340834,7.505620802854113,1,0
35.7380677251059,3.496365509606121,1,0
73.19794759401316,2.4276178529803665,0,1
51.10727101875263,14.664833787173013,1,0
72.01229432165283,15.249248937584378,0,1
31.64845316414493,7.606695204580555,1,0
95.75238255529035,9.150886520125349,0,1
20.186632396541867,2.8434492129554187,1,0
46.78900385085612,16.481677161183732,1,0
89.54261165055593,16.765094270436833,0,1
73.81181537955655,10.922621941041283,0,1
79.60148803091835,18.014941341427807,0,1
44.86964593152599,18.613656351129826,1,0
57.36545010816761,14.816212325559853,1,0
97.96354847450837,11.73753048819497,0,1
77.26135047587583,19.74658927207578,0,1
80.90888807137881,19.463859571698254,0,1
80.19624891304198,14.770568659046468,0,1
35.10083857492557,4.87512522410433,1,0
47.18466738799531,12.266066177263621,1,0
99.7151542600202,8.839735861317102,0,1
82.6407100683121,15.014063730188939,0,1
76.93224389764214,13.76596212837584,0,1
35.2057964624427,1.802542204425491,1,0
99.231844229985,19.738004145112455,0,1
59.26230223178348,11.441061182005322,1,0
72.02051804406315,12.061238743349191,0,1
95.93074749518911,9.990988227139585,0,1
44.72100926692928,2.3964381992702406,1,0
73.33592446918453,10.359876981526323,0,1
43.50605884715319,14.11009292559265,1,0
46.92199453075571,19.53659381633838,1,0
94.47499374971854,5.264370864896552,0,1
80.05356562777426,15.126656869540547,0,1
97.16145929257792,2.7344468589365376,0,1
53.790535020631225,13.853754329767684,1,0
89.55000476127655,8.002000530751461,0,1
83.7475867147455,11.366718997002764,0,1
90.89952471630677,18.52748824236862,0,1
47.35068844583063,2.2952738783243776,1,0
33.206054394026765,7.761540291106492,1,0
79.31085876770722,9.649182832554223,0,1
83.5163240593028,3.4540288878784047,0,1
21.141094423025088,3.1807772095854014,1,0
31.084530282640333,0.5496813286576709,1,0
98.64595841989582,15.020041417219602,0,1
26.994064594916992,7.859208546221228,1,0
91.18726681469488,2.5456268321960955,0,1
